In	O
a	O
new	O
orthotopic	O
murine	O
model	O
of	O
MPM	O
,	O
we	O
found	O
that	O
the	O
kinetics	O
of	O
REN	B
cell	O
tumorigenesis	O
is	O
accelerated	O
versus	O
MS	B
-	I
1	I
or	O
M9	B
K	I
cells	O
,	O
and	O
that	O
REN	B
instillates	O
generated	O
larger	O
tumors	O
expressing	O
increased	O
uPAR	O
,	O
were	O
more	O
invasive	O
,	O
and	O
caused	O
earlier	O
mortality	O
.	O

Because	O
epithelial	O
-	O
to	O
-	O
mesenchymal	O
transition	O
and	O
its	O
reversed	O
process	O
mesenchymal	O
-	O
to	O
-	O
epithelial	O
transition	O
(	O
MET	O
)	O
are	O
also	O
involved	O
in	O
cancer	O
progression	O
,	O
we	O
investigated	O
whether	O
BMP7	O
plays	O
a	O
role	O
in	O
WM	B
-	I
266	I
-	I
4	I
melanoma	O
cell	O
growth	O
and	O
metastasis	O
.	O

Kufs	O
'	O
disease	O
or	O
NCL4	O
(	O
neuronal	O
ceroid	O
lipofuscinosis	O
type	O
4	O
)	O
is	O
a	O
rare	O
and	O
poorly	O
characterized	O
,	O
adult	O
-	O
onset	O
form	O
of	O
NCL	O
.	O

However	O
,	O
overexpression	O
of	O
the	O
SAMD9	O
gene	O
failed	O
to	O
induce	O
significant	O
cell	O
death	O
in	O
U251MG	B
cells	O
.	O

Several	O
compounds	O
possessing	O
substituted	O
indazole	O
residues	O
,	O
such	O
as	O
4e	O
,	O
4p	O
,	O
and	O
4r	O
,	O
potently	O
inhibited	O
cell	O
proliferation	O
at	O
submicromolar	O
concentrations	O
in	O
the	O
A375	B
and	O
WM266	B
cell	O
lines	O
,	O
and	O
the	O
latter	O
two	O
compounds	O
also	O
exhibited	O
good	O
therapeutic	O
indices	O
in	O
cells	O
.	O

On	O
PC	O
82	O
days	O
,	O
tumor	O
incidences	O
and	O
mortalities	O
of	O
group	O
A	O
,	O
B	O
and	O
C	O
were	O
72	O
%	O
,	O
34	O
.	O
8	O
%	O
and	O
50	O
%	O
,	O
84	O
%	O
,	O
21	O
.	O
7	O
%	O
and	O
20	O
%	O
,	O
respectively	O
.	O

Quantitative	O
[	O
11C	O
]	O
14	O
-	O
PET	O
studies	O
showed	O
that	O
the	O
tumor	O
uptake	O
of	O
[	O
11C	O
]	O
14	O
in	O
the	O
NCI	B
-	I
H1975	I
xenografts	O
was	O
significantly	O
higher	O
than	O
that	O
in	O
the	O
NCI	B
-	I
H520	I
xenografts	O
,	O
which	O
is	O
consistent	O
with	O
their	O
corresponding	O
immunohistochemical	O
tissue	O
staining	O
patterns	O
of	O
MET	O
receptors	O
from	O
the	O
same	O
animals	O
.	O

Using	O
oligonucleotide	O
microarrays	O
,	O
we	O
found	O
104	O
up	O
-	O
regulated	O
genes	O
in	O
the	O
metastatic	O
cell	O
line	O
CMT	B
-	I
W1	I
M	I
and	O
21	O
up	O
-	O
regulated	O
genes	O
in	O
the	O
primary	O
CMT	B
-	I
W1	I
cell	O
line	O
.	O

In	O
this	O
study	O
,	O
physiological	O
hypoxia	O
was	O
shown	O
to	O
attenuate	O
G2	O
/	O
M	O
arrest	O
and	O
apoptosis	O
induced	O
in	O
CHP126	B
cells	O
by	O
VP	O
-	O
16	O
.	O

Flow	O
cytometry	O
analysis	O
of	O
IgA	O
binding	O
to	O
CHO	B
cells	O
transfected	O
with	O
mutated	O
FcalphaR	O
showed	O
that	O
deglycosylation	O
of	O
FcalphaR	O
at	O
individual	O
N44	O
,	O
N120	O
,	O
N156	O
,	O
N165	O
or	O
N177	O
site	O
did	O
not	O
affect	O
IgA	O
binding	O
but	O
deglycosylation	O
at	O
N58	O
resulted	O
in	O
marked	O
increase	O
of	O
IgA	O
binding	O
.	O

The	O
oxygen	O
enhancement	O
ratio	O
for	O
HCT8	B
and	O
HT29	B
receiving	O
fractionated	O
doses	O
was	O
1	O
.	O
2	O
and	O
2	O
.	O
0	O
,	O
respectively	O
,	O
and	O
virus	O
infection	O
altered	O
them	O
slightly	O
.	O

While	O
,	O
when	O
BALBc	O
(	O
nu	O
/	O
nu	O
)	O
mice	O
with	O
OV90	B
tumor	O
xenograft	O
in	O
the	O
flanks	O
were	O
injected	O
with	O
NRF2	O
shRNA	O
containing	O
viral	O
particles	O
and	O
treated	O
with	O
doxorubicin	O
a	O
pattern	O
of	O
retardation	O
in	O
tumor	O
growth	O
was	O
seen	O
in	O
shRNA	O
group	O
compared	O
to	O
scRNA	O
group	O
,	O
but	O
this	O
difference	O
was	O
not	O
statistically	O
significant	O
.	O

CONCLUSION	O
:	O
Karyotypically	O
abnormal	O
chHES	B
-	I
3	I
cells	O
had	O
a	O
more	O
developed	O
capacity	O
for	O
proliferation	O
,	O
resistance	O
to	O
apoptosis	O
and	O
less	O
genetic	O
stability	O
compared	O
to	O
normal	O
chHES	B
-	I
3	I
cells	O
and	O
may	O
be	O
an	O
excellent	O
model	O
for	O
studying	O
and	O
characterizing	O
initial	O
stages	O
that	O
determine	O
transition	O
of	O
embryonic	O
stem	O
cells	O
into	O
cancer	O
stem	O
cells	O
.	O

We	O
have	O
used	O
KYSE	B
-	I
510	I
cells	O
from	O
a	O
human	O
oesophageal	O
carcinoma	O
as	O
an	O
in	O
vitro	O
model	O
to	O
investigate	O
whether	O
cisplatin	O
(	O
CDDP	O
)	O
could	O
be	O
combined	O
with	O
PDT	O
to	O
increase	O
cell	O
death	O
with	O
respect	O
to	O
single	O
treatments	O
.	O

In	O
the	O
current	O
study	O
,	O
we	O
used	O
real	O
-	O
time	O
dynamic	O
monitoring	O
of	O
cell	O
impedance	O
to	O
demonstrate	O
that	O
anti	O
-	O
VGCC	O
Abs	O
from	O
patients	O
with	O
T1D	O
inhibit	O
the	O
adherence	O
of	O
Rin	B
A12	I
cells	O
.	O

We	O
compared	O
the	O
antiglioma	O
effect	O
of	O
simvastatin	O
,	O
atorvastatin	O
,	O
lovastatin	O
,	O
pravastatin	O
,	O
rosuvastatin	O
,	O
rosiglitazone	O
,	O
pioglitazone	O
and	O
their	O
combinations	O
at	O
several	O
concentrations	O
on	O
human	O
glioblastoma	O
cell	O
lines	O
U87	B
,	O
U	B
138	I
,	O
LN	B
405	I
and	O
rat	O
RG	B
II	I
.	O

An	O
AMPK	O
activator	O
(	O
AICAR	O
or	O
metformin	O
)	O
stimulated	O
osteoblast	O
differentiation	O
with	O
increases	O
in	O
ALP	O
and	O
OC	O
protein	O
production	O
as	O
well	O
as	O
the	O
induction	O
of	O
AMPK	O
phosphorylation	O
in	O
MC3T3E1	B
cells	O
.	O

In	O
addition	O
,	O
treatment	O
with	O
BMS1	O
,	O
a	O
combined	O
inhibitor	O
of	O
farnesyl	O
transferase	O
and	O
Rab	O
GGT	O
,	O
resulted	O
in	O
a	O
high	O
cytostatic	O
effect	O
in	O
WSU	B
-	I
NHL	I
cells	O
,	O
demonstrated	O
by	O
reduced	O
cell	O
viability	O
and	O
decreased	O
proliferation	O
.	O

Three	O
Leu	O
residues	O
at	O
amino	O
acid	O
positions	O
461	O
,	O
474	O
and	O
477	O
in	O
the	O
MAP2	O
-	O
binding	O
core	O
module	O
of	O
KIND2	O
contributed	O
to	O
the	O
interaction	O
.	O

The	O
genetic	O
,	O
immunophenotypic	O
,	O
and	O
biologic	O
data	O
presented	O
here	O
confirm	O
the	O
validity	O
of	O
the	O
MWCL	B
-	I
1	I
cell	O
line	O
as	O
a	O
representative	O
model	O
of	O
WM	O
.	O

Here	O
we	O
compare	O
the	O
impact	O
of	O
interferon	O
-	O
gamma	O
treatment	O
on	O
activities	O
of	O
GTP	O
-	O
cyclohydrolase	O
I	O
(	O
EC	O
3	O
.	O
5	O
.	O
4	O
.	O
16	O
)	O
,	O
6	O
-	O
pyruvoyl	O
tetrahydropterin	O
synthase	O
,	O
and	O
sepiapterin	O
reductase	O
(	O
EC	O
1	O
.	O
1	O
.	O
1	O
.	O
153	O
)	O
in	O
human	O
peripheral	O
blood	O
-	O
derived	O
macrophages	O
,	O
normal	O
dermal	O
fibroblasts	O
,	O
THP	B
-	I
1	I
myelomonocytic	O
cells	O
,	O
and	O
the	O
T	B
24	I
bladder	O
transitional	O
-	O
cell	O
carcinoma	O
line	O
.	O

