Since	O
functional	O
characteristics	O
for	O
profilin	B
II	I
are	O
lacking	O
,	O
we	O
assayed	O
the	O
actin	B
,	O
the	O
phosphatidylinositol	O
4,5-bisphosphate	O
and	O
the	O
poly	O
(	O
L	O
-	O
proline	O
)	O
binding	O
properties	O
of	O
this	B
isoform	I
.	O

Since	O
our	O
earlier	O
studies	O
of	O
Acanthamoeba	O
profilins	B
suggested	O
the	O
importance	O
of	O
PIP2	O
binding	O
for	O
suppression	O
,	O
we	O
conclude	O
that	O
both	O
activities	O
are	O
implicated	O
and	O
that	O
an	O
interplay	O
between	O
PIP2	O
binding	O
and	O
actin	B
binding	O
may	O
be	O
important	O
for	O
profilin	B
function	O
.	O

Since	O
the	O
NH2	O
terminus	O
of	O
profilin	B
is	O
blocked	O
,	O
Edman	O
degradation	O
gave	O
only	O
the	O
sequence	O
of	O
the	O
conjugated	O
actin	B
CNBr	O
fragment	O
beginning	O
with	O
Trp-356	O
.	O

Single	O
-	O
headed	O
myosin	O
,	O
which	O
consists	O
of	O
a	O
full	O
length	O
myosin	B
heavy	I
chain	I
and	O
a	O
tagged	O
tail	O
,	O
was	O
isolated	O
on	O
the	O
basis	O
of	O
the	O
affinities	O
for	O
Nickel	O
agarose	O
and	O
actin	B
.	O

Smooth	B
muscle	I
alpha	I
actin	I
and	O
myosin	B
heavy	I
chain	I
expression	O
in	O
the	O
vascular	O
smooth	O
muscle	O
cells	O
surrounding	O
human	O
endometrial	O
arterioles	O
.	O

Smooth	B
muscle	I
talin	I
prepared	O
from	O
chicken	O
gizzard	O
binds	O
to	O
skeletal	B
muscle	I
actin	I
in	O
vitro	O
.	O

So	O
far	O
,	O
three	O
ligands	O
for	O
profilin	B
have	O
been	O
well	O
-	O
characterized	O
in	O
vitro	O
:	O
actin	B
monomers	I
,	O
membrane	O
polyphosphoinositides	O
and	O
poly	O
-	O
L	O
-	O
proline	O
.	O

Specific	O
antibodies	O
to	O
myosin	B
heavy	I
chain	I
isoforms	B
(	O
SM1	B
,	O
SM2	B
,	O
SMemb	B
)	O
,	O
caldesmon	B
,	O
and	O
alpha	B
-	I
smooth	I
muscle	I
actin	I
and	O
cDNAs	O
for	O
SMemb	B
were	O
used	O
.	O

Specific	O
interaction	O
between	O
the	O
nucleocapsid	B
protein	I
(	O
N	B
)	O
and	O
the	O
phosphoprotein	B
(	O
P	B
)	O
of	B
vesicular	I
stomatitis	I
virus	I
(	O
VSV	O
)	O
,	O
an	O
important	O
step	O
in	O
the	O
life	O
-	O
cycle	O
of	O
the	O
virus	O
,	O
was	O
studied	O
by	O
using	O
a	O
two	O
-	O
hybrid	O
system	O
.	O

Specific	O
interactions	O
between	O
the	O
nucleocapsid	B
protein	I
(	O
N	B
)	O
and	O
the	O
phosphoprotein	B
(	O
P	B
)	O
of	B
bovine	I
respiratory	I
syncytial	I
virus	I
(	O
BRSV	O
)	O
have	O
been	O
investigated	O
using	O
a	O
yeast	O
-	O
based	O
two	O
-	O
hybrid	O
system	O
.	O

Specific	O
interactions	O
between	O
the	O
human	B
RAD51	I
and	O
RAD52	B
proteins	B
.	O

Spontaneous	O
and	O
mitomycin	O
C	O
-	O
induced	O
SCE	O
levels	O
were	O
significantly	O
reduced	O
for	O
chicken	O
DT40	O
B	O
cells	O
lacking	O
the	O
key	O
HR	O
genes	O
RAD51	B
and	O
RAD54	B
but	O
not	O
for	O
nonhomologous	O
DNA	O
end	O
-	O
joining	O
(	O
NHEJ	O
)	O
-defective	O
KU70	O
(	O
-	O
/	O
-	O
)	O
cells	O
.	O

Stable	O
transfection	O
of	O
mutant	O
plakoglobin	B
molecules	B
showed	O
that	O
deletion	O
of	O
the	O
N	B
-	I
cadherin	I
binding	O
domain	O
,	O
but	O
not	O
the	O
alpha	B
-	I
catenin	I
binding	O
domain	O
,	O
abolished	O
beta	B
-	I
catenin	I
downregulation	O
.	O

Stimulus	O
-	O
dependent	O
disorganization	O
of	O
actin	B
filaments	O
induced	O
by	O
overexpression	O
of	O
cofilin	B
in	O
C2	O
myoblasts	O
.	O

Structural	O
studies	O
on	O
the	O
ribbon	O
-	O
to	O
-	O
helix	O
transition	O
in	O
profilin	B
:	O
actin	B
crystals	O
.	O

Studies	O
on	O
cultured	O
cells	O
have	O
suggested	O
that	O
both	O
alpha	B
-	I
catenin	I
and	O
plakoglobin	B
are	O
important	O
for	O
the	O
adhesive	O
function	O
of	O
cadherins	O
.	O

Studies	O
on	O
the	O
interaction	O
between	O
actin	B
and	O
cofilin	B
purified	O
by	O
a	O
new	O
method	O
.	O

Study	O
of	O
mutated	O
yeast	O
profilins	B
and	O
profilins	B
from	O
Acanthamoeba	O
suggests	O
that	O
the	O
ability	O
of	O
profilin	B
to	O
suppress	O
cap-	B
cells	O
is	O
dependent	O
upon	O
a	O
property	O
other	O
than	O
,	O
or	O
in	O
addition	O
to	O
,	O
its	B
ability	O
to	O
bind	O
actin	B
.	O

Such	O
motifs	O
are	O
known	O
to	O
bind	O
to	O
profilins	O
(	O
PFNs	O
)	O
,	O
small	O
proteins	O
engaged	O
in	O
the	O
control	O
of	O
actin	B
dynamics	O
.	O

Suppression	O
of	O
cell	O
transformation	O
by	O
the	O
cyclin	O
-	O
dependent	O
kinase	O
inhibitor	O
p57KIP2	B
requires	O
binding	O
to	O
proliferating	B
cell	I
nuclear	I
antigen	I
.	O

Surprisingly	O
,	O
although	O
maintained	O
in	O
mitogen	O
-	O
rich	O
medium	O
,	O
this	O
ectopic	O
expression	O
was	O
associated	O
with	O
a	O
transactivation	O
of	O
the	O
endogenous	O
myogenin	B
and	O
myosin	B
light	I
chain	I
2	I
gene	O
but	O
not	O
the	O
endogenous	O
MyoD1	B
,	O
MRF4	B
,	O
Myf5	B
,	O
the	O
skeletal	B
muscle	I
actin	I
,	O
or	O
the	O
myosin	B
heavy	I
chain	I
genes	O
.	O

Targeting	O
by	O
antisense	O
3'UTI	O
significantly	O
increased	O
motility	O
compared	O
with	O
the	O
corresponding	O
sense	O
ODN	O
.	O

alpha	B
-	I
Sm	I
actin	I
inhibition	O
also	O
led	O
to	O
the	O
formation	O
of	O
less	O
prominent	O
focal	O
adhesions	O
as	O
revealed	O
by	O
immunofluorescence	O
staining	O
against	O
vinculin	B
,	O
talin	B
,	O
and	O
beta1-integrin	B
.	O

Testicular	B
protein	I
kinase	I
1	I
(	O
TESK1	B
)	O
is	O
a	O
serine	O
/	O
threonine	O
kinase	O
highly	O
expressed	O
in	O
testicular	O
germ	O
cells	O
and	O
has	O
the	O
potential	O
to	O
phosphorylate	O
cofilin	B
and	O
induce	O
actin	B
cytoskeletal	O
reorganization	O
.	O

The	O
16236	O
nt	O
genome	O
encodes	O
eight	O
proteins	O
,	O
nucleocapsid	B
protein	I
(	O
NP	B
)	O
,	O
phosphoprotein	B
(	O
P	B
)	O
,	O
V	B
protein	I
,	O
matrix	B
protein	I
(	O
M	B
)	O
,	O
fusion	B
protein	I
(	O
F	B
)	O
,	O
small	B
hydrophobic	I
(	O
SH	B
)	O
protein	B
,	O
haemagglutinin	B
-	I
neuraminidase	I
(	O
HN	B
)	O
protein	B
and	O
large	B
(	O
L	B
)	O
protein	B
,	O
which	O
are	O
flanked	O
by	O
a	O
55	O
nt	O
leader	O
sequence	O
and	O
a	O
54	O
nt	O
trailer	O
sequence	O
.	O

The	O
actin	O
-	O
binding	O
protein	O
profilin	B
binds	O
to	O
PIP2	O
and	O
inhibits	O
its	O
hydrolysis	O
by	O
phospholipase	B
C	I
.	O

The	O
actin	O
-	O
binding	O
protein	O
profilin	B
was	O
isolated	O
from	O
Tetrahymena	O
thermophila	O
by	O
affinity	O
chromatography	O
,	O
and	O
the	O
peptide	O
sequence	O
was	O
determined	O
for	O
part	O
of	O
the	O
protein	O
.	O

act1	B
-	I
157	I
,	O
an	O
actin	B
mutant	O
with	O
an	O
increased	O
intrinsic	O
rate	O
of	O
nucleotide	O
exchange	O
,	O
suppressed	O
defects	O
in	O
actin	B
organization	O
,	O
cell	O
growth	O
,	O
and	O
fluid	O
-	O
phase	O
endocytosis	O
of	O
pfy1	B
-	I
4	I
,	O
a	O
profilin	B
mutant	O
defective	O
in	O
actin	B
binding	O
.	O

The	O
actin	B
bundle	O
formation	O
induced	O
by	O
overexpression	O
of	O
cofilin	B
is	O
accompanied	O
with	O
an	O
increase	O
in	O
cell	O
motility	O
of	O
Dictyostelium	O
cells	O
.	O

4	O
.	O

The	O
actin	B
cytoskeleton	O
-	O
associated	O
protein	B
talin	I
binds	O
to	O
integrins	B
,	O
vinculin	B
,	O
and	O
actin	B
.	O

The	O
actin	B
monomer	B
-	I
binding	I
protein	O
,	O
profilin	B
,	O
influences	O
the	O
dynamics	O
of	O
actin	B
filaments	O
in	O
vitro	O
by	O
suppressing	O
nucleation	O
,	O
enhancing	O
nucleotide	O
exchange	O
on	O
actin	B
,	O
and	O
promoting	O
barbed	O
-	O
end	O
assembly	O
.	O

The	O
actin	B
-	I
sequestering	I
activity	O
of	O
both	O
maize	B
profilin	I
classes	O
was	O
found	O
to	O
be	O
dependent	O
on	O
the	O
concentration	O
of	O
free	O
calcium	O
.	O

The	O
alpha	B
-	I
catenin	I
molecule	B
links	O
E	B
-	I
cadherin	I
/	O
beta	B
-	I
catenin	I
or	O
E	B
-	I
cadherin	I
/	I
plakoglobin	I
complexes	O
to	O
the	O
actin	B
cytoskeleton	O
.	O

The	O
ability	O
of	O
these	O
three	O
mutant	O
UL5	B
proteins	B
to	O
form	O
specific	O
interactions	O
with	O
other	O
members	O
of	O
the	O
helicase	O
-	O
primase	O
complex	O
,	O
UL8	B
and	O
UL52	B
,	O
indicates	O
that	O
the	O
functional	O
domains	O
required	O
for	O
replication	O
activity	O
of	O
UL5	B
are	O
separable	O
from	O
domains	O
responsible	O
for	O
protein	O
-	O
protein	O
interactions	O
.	O

The	O
ability	O
of	O
WIP	B
to	O
replace	O
verprolin	B
is	O
dependent	O
on	O
its	B
WH2	O
actin	B
binding	O
domain	O
and	O
a	O
putative	O
profilin	B
binding	O
domain	O
.	O

The	O
cellular	O
tumor	O
antigen	B
p53	I
is	O
bound	O
to	O
the	O
simian	B
virus	I
40	I
(	O
SV40	O
)	O
large	B
T	I
-	I
antigen	I
in	O
SV40-infected	O
and	O
-transformed	O
cells	O
.	O

The	O
CREB	B
binding	O
domain	O
of	O
CBP	B
is	O
sufficient	O
to	O
contact	O
to	O
c	B
-	I
Jun	I
in	O
vitro	O
.	O

The	O
activation	O
of	O
the	O
c	B
-	I
Raf-1-BxB	I
-	I
ER	I
protein	O
leads	O
to	O
an	O
accumulation	O
of	O
high	O
levels	O
of	O
cyclin	B
D1	I
protein	B
and	O
a	O
repression	O
of	O
the	O
p27Kip1	B
cyclin	O
-	O
dependent	O
kinase	O
inhibitor	O
under	O
all	O
culture	O
conditions	O
tested	O
.	O

The	O
adventitial	O
tissue	O
underlying	O
PTCA	O
-	O
induced	O
lesions	O
temporarily	O
expressed	O
alpha	B
-	I
SM	I
actin	I
,	O
desmin	B
,	O
and	O
SM	B
myosin	I
heavy	I
chain	I
isoforms	O
,	O
but	O
not	O
smoothelin	B
.	O

The	O
affinity	O
of	O
yeast	B
profilin	I
for	O
rabbit	B
actin	I
(	O
2.9	O
microM	O
)	O
is	O
approximately	O
30-fold	O
weaker	O
than	O
the	O
affinity	O
of	O
human	B
platelet	I
profilin	I
for	O
rabbit	B
actin	I
(	O
0.1	O
microM	O
)	O
,	O
and	O
the	O
relative	O
contributions	O
of	O
entropic	O
and	O
enthalpic	O
terms	O
to	O
the	O
overall	O
free	O
energy	O
of	O
binding	O
are	O
different	O
for	O
the	O
two	O
profilins	B
.	O

The	O
affinity	O
of	O
ZmPRO4	B
for	O
monomeric	O
actin	B
,	O
which	O
was	O
measured	O
by	O
two	O
independent	O
methods	O
,	O
is	O
similar	O
to	O
that	O
of	O
the	O
three	O
profilin	B
isoforms	I
previously	O
identified	O
in	O
pollen	O
.	O

The	O
aim	O
of	O
our	O
study	O
on	O
human	O
seminiferous	O
tubules	O
of	O
adolescent	O
testes	O
was	O
to	O
study	O
the	O
localization	O
of	O
two	O
actin	B
-	I
associated	I
proteins	O
of	O
the	O
adherens	O
junctions	O
,	O
such	O
as	O
vinculin	B
and	O
talin	B
,	O
and	O
to	O
verify	O
if	O
there	O
were	O
modifications	O
in	O
their	O
pattern	O
in	O
varicocele	O
,	O
a	O
frequent	O
disease	O
of	O
the	O
testis	O
in	O
adolescent	O
age	O
.	O

The	O
amino	O
acid	O
composition	O
of	O
the	O
15-kDa	O
protein	O
was	O
similar	O
to	O
that	O
of	O
mammalian	O
profilin	B
and	O
it	O
inhibited	O
the	O
salt	O
-	O
induced	O
polymerization	O
of	O
rabbit	O
skeletal	B
muscle	I
actin	I
.	O

The	O
amount	O
of	O
unassembled	O
actin	B
(	O
12	O
microM	O
)	O
is	O
accounted	O
for	O
by	O
the	O
sequestering	O
functions	O
of	O
T	B
beta	I
4Xen	I
(	O
20	O
microM	O
)	O
and	O
profilin	B
(	O
5	O
microM	O
)	O
,	O
the	O
barbed	O
ends	O
being	O
capped	O
.	O

The	O
analysis	O
of	O
the	O
viral	O
proteins	O
by	O
electrophoresis	O
indicates	O
molecular	O
weight	O
differences	O
between	O
CDV	O
and	O
PDV	O
in	O
the	O
fusion	B
(	O
F	B
)	O
,	O
phosphoprotein	B
(	O
P	B
)	O
,	O
H	B
,	O
nucleocapsid	B
(	O
N	B
)	O
and	O
matrix	B
(	O
M	B
)	O
proteins	B
.	O

The	O
APC	B
binding	O
site	O
on	O
beta	B
-	I
catenin	I
may	O
be	O
discontinuous	O
since	O
neither	O
the	O
carboxyl-	O
nor	O
amino	O
-	O
terminal	O
halves	O
of	O
beta	B
-	I
catenin	I
will	O
independently	O
associate	O
with	O
APC	B
,	O
although	O
the	O
amino	O
-	O
terminal	O
half	O
independently	O
binds	O
alpha	B
-	I
catenin	I
.	O

The	O
APC	B
protein	B
and	O
E	B
-	I
cadherin	I
form	O
similar	O
but	O
independent	O
complexes	O
with	O
alpha	B
-	I
catenin	I
,	O
beta	B
-	I
catenin	I
,	O
and	O
plakoglobin	B
.	O

The	O
apparent	O
critical	O
concentration	O
for	O
polymerization	O
of	O
actin	B
is	O
increased	O
by	O
the	O
addition	O
of	O
profilin	B
.	O

The	O
PRT1	B
,	O
TIF34	B
,	O
GCD10	B
,	O
and	O
SUI1	B
proteins	O
of	O
Saccharomyces	O
cerevisiae	O
were	O
found	O
previously	O
to	O
copurify	O
with	O
eukaryotic	B
translation	I
initiation	I
factor	I
3	I
(	O
eIF3	B
)	O
activity	O
.	O

The	O
RAD51-interacting	B
region	O
(	O
amino	O
acids	O
291	O
-	O
330	O
)	O
of	O
the	O
human	B
RAD52	I
protein	I
shows	O
no	O
homology	O
with	O
the	O
yeast	B
RAD52	I
protein	I
,	O
indicating	O
that	O
the	O
interaction	O
between	O
RAD51	B
and	O
RAD52	B
is	O
species	O
-	O
specific	O
.	O

The	O
Arp2	B
/	I
3	I
complex	O
,	O
first	O
isolated	O
from	O
Acanthamoeba	O
castellani	O
by	O
affinity	O
chromatography	O
on	O
profilin	B
,	O
consists	O
of	O
seven	O
polypeptides	O
;	O
two	O
actin	B
-	I
related	I
proteins	O
,	O
Arp2	B
and	O
Arp3	B
;	O
and	O
five	O
apparently	O
novel	O
proteins	O
,	O
p40	B
,	O
p35	B
,	O
p19	B
,	O
p18	B
,	O
and	O
p14	B
(	O
Machesky	O
et	O
al.	O
,	O
1994	O
)	O
.	O

The	O
Arp2	B
/	I
3	I
complex	O
with	O
full	O
-	O
length	O
Scar	B
,	O
Scar	B
containing	O
P	O
,	O
W	O
,	O
and	O
A	O
domains	O
,	O
or	O
Scar	B
containing	O
W	O
and	O
A	O
domains	O
overcomes	O
inhibition	O
of	O
nucleation	O
by	O
the	O
actin	B
monomer	I
-	I
binding	I
protein	B
profilin	I
,	O
giving	O
active	O
nucleation	O
over	O
a	O
low	O
background	O
of	O
spontaneous	O
nucleation	O
.	O

The	O
assay	O
detects	O
the	O
high	O
-	O
affinity	O
binding	O
of	O
actin	B
to	O
actin	B
-	I
binding	I
proteins	I
(	O
ABPs	B
)	O
,	O
cofilin	B
or	O
DNase	B
I	I
.	O

The	O
assembly	O
of	O
complete	O
HSV	O
replication	O
compartments	O
and	O
incorporation	O
of	O
BrdU	O
were	O
both	O
abolished	O
by	O
treatment	O
with	O
phosphonoacetic	O
acid	O
(	O
PAA	O
)	O
and	O
by	O
omission	O
of	O
any	O
one	O
of	O
the	O
seven	O
viral	O
replication	O
proteins	O
,	O
UL5	B
,	O
UL8	B
,	O
UL9	B
,	O
UL42	B
,	O
UL52	B
,	O
SSB	B
,	O
and	O
Pol	B
,	O
that	O
are	O
essential	O
for	O
viral	O
DNA	O
replication	O
.	O

The	O
UL8	B
component	O
of	O
the	O
herpes	O
simplex	O
virus	O
helicase	O
-	O
primase	O
complex	O
stimulates	O
primer	O
synthesis	O
by	O
a	O
subassembly	O
of	O
the	O
UL5	B
and	O
UL52	B
components	B
.	O

The	O
AV	O
nodal	O
effects	O
of	O
draflazine	O
,	O
ITU	O
,	O
EHNA	O
,	O
and	O
PD81,723	O
were	O
reversed	O
by	O
the	O
A1	B
adenosine	I
receptor	I
antagonist	O
8-cyclopentyltheophylline	O
and	O
adenosine	B
deaminase	I
,	O
implicating	O
endogenous	O
adenosine	O
acting	O
at	O
the	O
A1	B
adenosine	I
receptor	I
.	O

The	O
adenosine	B
deaminase	I
-	I
binding	I
region	O
is	O
distinct	O
from	O
major	O
anti	B
-	I
CD26	I
mAb	O
epitopes	O
on	O
the	O
human	B
dipeptidyl	I
peptidase	I
IV	I
(	I
CD26	I
)	I
molecule	I
.	O

cDNA	O
cloning	O
,	O
heterologous	O
expression	O
,	O
and	O
actin	B
-	I
binding	I
properties	O
.	O

The	O
cofilin	B
homology	O
sequence	O
is	O
critical	O
for	O
stimulating	O
actin	B
nucleation	O
with	O
the	O
Arp2	B
/	I
3	I
complex	O
in	O
vitro	O
,	O
and	O
is	O
essential	O
for	O
actin	B
polymerization	O
and	O
motility	O
in	O
cells	O
.	O

The	O
binding	O
constants	O
of	O
Acanthamoeba	B
profilin	I
to	O
fluorescein	O
-	O
labeled	O
actin	B
from	B
Acanthamoeba	I
and	O
from	B
rabbit	I
skeletal	I
muscle	I
have	O
been	O
determined	O
by	O
measuring	O
the	O
reduction	O
in	O
the	O
actin	B
tracer	O
diffusion	O
coefficients	O
,	O
determined	O
by	O
fluorescence	O
photobleaching	O
recovery	O
,	O
as	O
a	O
function	O
of	O
added	O
profilin	B
concentration	O
.	O

The	O
binding	O
of	O
125I	O
-	O
labeled	O
recombinant	O
birch	B
pollen	I
profilin	I
to	O
plant	B
and	O
animal	B
actins	I
can	O
be	O
blocked	O
by	O
profilin	B
-	I
specific	I
antibodies	O
that	O
react	O
with	O
different	O
epitopes	O
of	O
birch	B
profilin	I
.	O

The	O
binding	O
surfaces	O
for	O
segment	O
1	O
and	O
profilin	B
are	O
different	O
,	O
although	O
they	O
peripherally	O
overlap	O
on	O
actin	B
.	O

The	O
myosin	B
heavy	I
chain	I
(	O
MHC	B
)	O
contains	O
the	O
actin-	B
and	O
ATP	O
-	O
binding	O
sites	O
and	O
represents	O
the	O
molecular	O
motor	O
of	O
muscle	O
contraction	O
.	O

The	O
phosphoprotein	B
(	O
P	B
)	O
of	B
vesicular	I
stomatitis	I
virus	I
(	O
VSV	O
)	O
serotypes	B
New	B
Jersey	I
[	O
P	B
(	I
NJ	I
)	I
]	O
and	O
Indiana	B
[	O
P	B
(	I
I	I
)	I
]	O
contains	O
a	O
highly	O
conserved	O
carboxy	O
-	O
terminal	O
domain	O
which	O
is	O
required	O
for	O
binding	O
to	O
the	O
cognate	O
N	O
-	O
RNA	O
template	O
as	O
well	O
as	O
to	O
form	O
a	O
soluble	O
complex	O
with	O
the	O
nucleocapsid	O
protein	O
N	B
in	O
vivo	O
.	O

The	O
RAD54	B
and	O
RAD51	B
genes	O
are	O
involved	O
in	O
genetic	O
recombination	O
and	O
double	O
-	O
strand	O
break	O
repair	O
in	O
the	O
yeast	O
Saccharomyces	O
cerevisiae	O
.	O

The	O
talin	B
dimer	O
,	O
which	O
is	O
crucial	O
for	O
actin	B
and	O
lipid	O
binding	O
,	O
is	O
built	O
of	O
a	O
backbone	O
containing	O
the	O
200	O
kDa	O
rod	O
portions	O
,	O
at	O
both	O
ends	O
of	O
which	O
a	O
47	O
kDa	O
globular	O
domain	O
is	O
attached	O
.	O

The	O
verprolin	B
-	I
like	I
central	O
(	O
vc	O
)	O
region	O
of	O
Wiskott	B
-	I
Aldrich	I
syndrome	I
protein	I
induces	O
Arp2	B
/	I
3	I
complex	O
-	O
dependent	O
actin	B
nucleation	O
.	O

The	O
C374S	O
mutation	O
had	O
the	O
most	O
pronounced	O
effect	O
;	O
it	O
reduced	O
the	O
polymerizability	O
of	O
the	O
actin	B
,	O
abolished	O
its	B
binding	O
to	O
profilin	B
,	O
and	O
filaments	O
containing	O
this	O
mutation	O
moved	O
at	O
reduced	O
rates	O
in	O
the	O
in	O
vitro	O
motility	O
assay	O
.	O

The	O
cadherin	B
-	I
associated	I
proteins	O
,	O
alpha	B
-	I
catenin	I
and	O
beta	B
-	I
catenin	I
,	O
were	O
present	O
in	O
both	O
mesotheliomas	O
and	O
adenocarcinomas	O
.	O

The	O
cardiac	B
myosin	I
heavy	I
chain	I
Arg-403	O
--	O
>	O
Gln	O
mutation	O
that	O
causes	O
hypertrophic	O
cardiomyopathy	O
does	O
not	O
affect	O
the	O
actin-	B
or	O
ATP	O
-	O
binding	O
capacities	O
of	O
two	O
size	O
-	O
limited	O
recombinant	O
myosin	B
heavy	I
chain	I
fragments	O
.	O

The	O
cardiac	B
ventricular	I
myosin	I
heavy	I
chain	I
phenotype	O
is	O
developmentally	O
and	O
hormonally	O
regulated	O
,	O
but	O
less	O
is	O
known	O
concerning	O
the	O
actin	B
phenotype	O
.	O

The	O
cellular	O
concentrations	O
and	O
binding	O
characteristics	O
of	O
these	O
molecules	O
are	O
consistent	O
with	O
profilin	B
being	O
a	O
negative	O
regulator	O
of	O
the	O
phosphoinositide	O
signaling	O
pathway	O
in	O
addition	O
to	O
its	B
established	O
function	O
as	O
an	O
inhibitor	O
of	O
actin	B
polymerization	O
.	O

The	O
cellular	O
morphological	O
changes	O
were	O
analyzed	O
and	O
correlated	O
with	O
the	O
distribution	O
of	O
cell	O
-	O
substratum	O
contacts	O
viewed	O
by	O
confocal	O
images	O
obtained	O
after	O
immunostaining	O
with	O
antibodies	O
raised	O
against	O
the	O
fibronectin	B
receptor	I
,	O
talin	B
,	O
vinculin	B
and	O
actin	B
.	O

The	O
cellular	O
transcription	O
co	B
-	I
activators	I
p300	B
and	O
the	O
CREB	O
-	O
binding	O
protein	O
CBP	B
are	O
cellular	O
targets	O
for	O
transformation	O
by	O
the	O
E1A	B
proteins	I
of	O
non	O
-	O
oncogenic	O
adenovirus	O
5	O
(	O
Ad5	O
)	O
.	O

The	O
centrifugation	O
assay	O
and	O
the	O
DNase	B
I	I
inhibition	O
assay	O
demonstrate	O
that	O
cofilin	B
binds	O
to	O
actin	B
filaments	O
in	O
a	O
1:1	O
molar	O
ratio	O
of	O
cofilin	B
to	O
actin	B
monomer	O
in	O
the	O
filament	O
and	O
that	O
cofilin	B
increases	O
the	O
monomeric	O
actin	B
to	O
a	O
limited	O
extent	O
(	O
up	O
to	O
1.1	O
-	O
1.5	O
microM	O
monomer	O
)	O
in	O
the	O
presence	O
of	O
physiological	O
concentrations	O
of	O
Mg2	O
+	O
and	O
KCl	O
.	O

The	O
characteristics	O
of	O
the	O
vitamin	B
D	I
-	I
binding	I
protein	I
and	O
profilin	B
interactions	O
with	O
actin	B
are	O
similar	O
.	O

The	O
clone	O
contains	O
an	O
open	O
reading	O
frame	O
of	O
139	O
amino	O
acid	O
residues	O
which	O
shows	O
greater	O
than	O
40	O
%	O
sequence	O
identity	O
in	O
a	O
91	O
amino	O
acid	O
overlap	O
to	O
animal	O
actin	B
-	I
depolymerizing	I
factors	I
(	O
ADF	B
)	O
,	O
cofilin	B
and	O
destrin	B
.	O

The	O
colocalization	O
of	O
gelsolin	B
and	O
profilin	B
in	O
motile	O
,	O
microfilament	O
-	O
rich	O
areas	O
supports	O
the	O
hypothesis	O
that	O
they	B
synergistically	O
regulate	O
the	O
actin	B
dynamics	O
that	O
underlie	O
neurite	O
growth	O
.	O

The	O
common	O
denominator	O
is	O
impaired	O
beta	B
-	I
catenin	I
association	O
with	O
either	O
E	B
-	I
cadherin	I
(	O
PaTuII	O
)	O
or	O
alpha	B
-	I
catenin	I
(	O
BxPc3	O
and	O
T3M4	O
)	O
.	O

The	O
comparison	O
of	O
E	B
-	I
CD	I
proteins	B
synthesized	O
by	O
E62	O
and	O
E24	O
cell	O
lines	O
revealed	O
no	O
structural	O
or	O
functional	O
differences	O
because	O
both	B
localized	O
at	O
cell	O
-	O
cell	O
contacts	O
and	O
associated	O
with	O
alpha	B
-	I
catenin	I
,	O
beta	B
-	I
catenin	I
,	O
and	O
plakoglobin	B
.	O

The	O
concentration	O
of	O
beta	B
-	I
catenin	I
was	O
constant	O
during	O
the	O
follicular	O
phase	O
,	O
whereas	O
the	O
content	O
of	O
alpha	B
-	I
catenin	I
decreased	O
in	O
granulosa	O
cells	O
after	O
treatment	O
with	O
diethylstilboestrol	O
or	O
hCG	O
.	O

The	O
contents	O
of	O
myosin	B
heavy	I
chain	I
,	O
myosin	B
light	I
chain	I
2	I
,	O
actin	B
,	O
troponin	B
-	I
I	I
in	O
125-week	O
-	O
old	O
rats	O
decreased	O
compared	O
with	O
those	O
of	O
12-week	O
-	O
old	O
rats	O
.	O

The	O
core	O
histones	B
from	B
Physarum	I
,	O
histones	B
H2A	B
,	O
H2B	B
,	O
H3	B
,	O
and	O
H4	B
,	O
are	O
rapidly	O
acetylated	O
;	O
histone	O
H4	B
shows	O
five	O
subfractions	O
,	O
analogous	O
to	O
the	O
five	O
subfractions	O
of	O
mammalian	O
histone	O
H4	B
(	O
containing	O
zero	O
to	O
four	O
acetyllysine	O
residues	O
per	O
molecule	O
)	O
;	O
histone	O
H3	B
has	O
a	O
more	O
complex	O
pattern	O
that	O
we	O
interpret	O
as	O
zero	O
to	O
four	O
acetyllysine	O
residues	O
on	O
each	O
of	O
two	O
sequence	O
variants	O
of	O
histone	O
H3	B
;	O
histones	B
H2A	B
and	O
H2B	B
show	O
less	O
heterogeneity	O
.	O

The	O
core	O
,	O
isolated	O
in	O
the	O
absence	O
of	O
free	O
Ca2	O
+	O
,	O
contains	O
five	O
major	O
proteins	O
:	O
the	O
actin	B
(	O
Mr	O
43	O
000	O
)	O
that	O
makes	O
up	O
the	O
filaments	O
,	O
the	O
villin	B
(	O
Mr	O
95	O
000	O
)	O
and	O
fimbrin	B
(	O
Mr	O
68	O
000	O
)	O
that	O
cross	O
-	O
link	O
the	O
filaments	O
together	O
,	O
and	O
the	O
110	O
000	O
Mr	O
polypeptide	B
-	I
calmodulin	I
complex	O
that	O
makes	O
up	O
cross	O
-	O
filaments	O
which	O
project	O
laterally	O
from	O
the	O
core	O
and	O
link	O
it	O
to	O
the	O
inner	O
surface	O
of	O
the	O
microvillus	O
membrane	O
.	O

The	O
C	O
-	O
terminal	O
of	O
TRADD	B
comprises	O
the	O
death	O
domain	O
that	O
is	O
responsible	O
for	O
association	O
of	O
TNFR1	B
and	O
other	O
death	O
domain	O
-	O
containing	O
proteins	O
such	O
as	O
FADD	B
and	O
RIP	B
.	O

The	O
C	O
-	O
terminal	O
region	O
of	O
ORC3	B
was	O
,	O
however	O
,	O
necessary	O
to	O
bring	O
ORC4	B
and	O
ORC5	B
into	O
the	O
core	O
complex	O
.	O

The	O
current	O
view	O
of	O
the	O
mechanism	O
of	O
action	O
of	O
Acanthamoeba	B
profilin	I
is	O
that	O
it	B
binds	O
to	O
actin	B
monomers	I
,	O
forming	O
a	O
complex	O
that	O
can	O
not	O
polymerize	O
[	O
Tobacman	O
,	O
L.	O
S.	O
,	O
&	O
Korn	O
,	O
E.	O
D.	O
(	O
1982	O
)	O
J.	O
Biol	O
.	O

Chem	O
.	O

257	O
,	O
4166	O
-	O
4170	O
;	O
Tseng	O
,	O
P.	O
,	O
&	O
Pollard	O
,	O
T.	O
D.	O
(	O
1982	O
)	O
J.	O
Cell	O
Biol	O
.	O

94	O
,	O
213	O
-	O
218	O
;	O
Tobacman	O
,	O
L.	O
S.	O
,	O
Brenner	O
,	O
S.	O
L.	O
,	O
&	O
Korn	O
,	O
E.	O
D.	O
(	O
1983	O
)	O
J.	O
Biol	O
.	O

Chem	O
.	O
258	O
,	O
8806	O
-	O
8812	O
]	O
.	O

The	O
cytoplasmic	O
domain	O
of	O
E	B
-	I
cadherin	I
can	O
not	O
directly	O
associate	O
with	O
alpha	B
-	I
catenin	I
but	O
interacts	O
with	O
high	O
affinity	O
with	O
beta	B
-	I
catenin	I
,	O
whereas	O
the	O
binding	O
of	O
gamma	B
-	I
catenin	I
(	O
plakoglobin	B
)	O
to	O
E	B
-	I
cadherin	I
is	O
less	O
efficient	O
.	O

alpha-	B
and	O
beta	B
-	I
catenin	I
assemble	O
into	O
a	O
1:1	O
heterodimeric	O
complex	O
.	O

The	O
data	O
suggest	O
that	O
profilin	B
binding	O
to	O
actin	B
weakens	O
nucleotide	O
binding	O
to	O
actin	B
by	O
disrupting	O
Mg	O
(	O
2	O
+	O
)	O
coordination	O
in	O
the	O
actin	B
central	O
cleft	O
.	O

The	O
deduced	O
peptide	O
sequence	O
contained	O
a	O
nuclear	O
localization	O
signal	O
and	O
a	O
putative	O
actin	B
-	I
binding	I
sequence	O
as	O
reported	O
in	O
NM	B
-	I
type	I
cofilin	I
.	O

The	O
differential	O
localization	O
of	O
the	O
three	O
actin	B
monomer	B
-	I
binding	I
proteins	B
suggests	O
that	O
they	B
have	O
different	O
biologic	O
functions	O
in	O
Acanthamoeba	O
and	O
is	O
consistent	O
with	O
the	O
hypotheses	O
that	O
(	O
1	O
)	O
profilin	B
I	I
functions	O
predominantly	O
as	O
an	O
actin	B
monomer	B
-	I
binding	I
protein	O
;	O
(	O
2	O
)	O
profilin	B
II	I
regulates	O
,	O
or	O
is	O
regulated	O
by	O
,	O
PIP2	O
;	O
and	O
(	O
3	O
)	O
actobindin	B
inhibits	O
nucleation	O
of	O
new	O
filaments	O
and	O
facilitates	O
elongation	O
of	O
existing	O
polarized	O
filaments	O
in	O
actively	O
motile	O
regions	O
.	O

The	O
distribution	O
of	O
actin	B
filaments	O
is	O
altered	O
by	O
profilin	B
overexpression	O
.	O

The	O
domain	O
consists	O
of	O
a	O
mixed	O
alpha	O
-	O
helical	O
/	O
beta	O
-	O
sheet	O
fold	O
that	O
resembles	O
a	O
circular	O
permutation	O
of	O
the	O
actin	B
/	I
poly	I
-	I
proline	I
binding	O
protein	O
,	O
profilin	B
,	O
and	O
the	O
GAF	B
/	I
PAS	I
family	O
of	O
regulatory	O
modules	O
.	O

The	O
domains	O
in	O
CBP	B
that	O
are	O
involved	O
in	O
CREB	B
binding	O
and	O
transcriptional	O
activation	O
are	O
highly	O
related	O
to	O
the	O
adenoviral	B
E1A	I
-	I
associated	I
cellular	O
protein	B
p300	I
(	O
refs	O
2	O
,	O
3	O
)	O
,	O
and	O
to	O
two	O
hypothetical	O
proteins	O
from	O
Caenorhabditis	O
elegans	O
,	O
R10E11.1	B
and	O
K03H1.10	B
(	O
refs	O
4	O
and	O
5	O
,	O
respectively	O
)	O
,	O
whose	O
functions	O
are	O
unknown	O
.	O

The	O
drastic	O
effects	O
of	O
the	O
exogenous	O
cofilin	B
on	O
actin	B
assembly	O
were	O
suppressed	O
by	O
phosphatidylinositol	O
4,5-bisphosphate	O
(	O
PIP2	O
)	O
.	O

The	O
E	B
-	I
cadherin	I
-	I
associated	I
proteins	B
alpha	B
-	I
catenin	I
and	O
beta	B
-	I
catenin	I
were	O
not	O
significantly	O
affected	O
by	O
treatment	O
with	O
TPA	B
.	O

The	O
effects	O
of	O
two	O
adhesion	O
substrates	O
(	O
serum	O
and	O
laminin	B
)	O
and	O
time	O
in	O
culture	O
on	O
the	O
expression	O
of	O
genes	B
encoding	I
myosin	B
heavy	I
chain	I
(	O
MHC	B
)	O
isoforms	B
and	O
alpha	B
-	I
skeletal	I
actin	I
were	O
analysed	O
in	O
myocytes	O
isolated	O
from	O
adult	O
rat	O
heart	O
and	O
maintained	O
in	O
serum	O
-	O
free	O
culture	O
.	O

The	O
enzyme	O
showed	O
hardly	O
any	O
activity	O
below	O
50	O
degrees	O
C	O
but	O
considerable	O
activity	O
at	O
around	O
60	O
degrees	O
C	O
against	O
myofibrils	O
,	O
digesting	O
myosin	B
heavy	I
chain	I
,	O
actin	B
and	O
tropomyosin	B
.	O

The	O
essential	O
role	O
of	O
profilin	B
in	O
the	O
assembly	O
of	O
actin	B
for	O
microspike	O
formation	O
.	O

The	O
existence	O
of	O
this	O
pathway	O
helps	O
to	O
explain	O
some	O
of	O
the	O
effects	O
of	O
LIM	B
kinase	I
and	O
cofilin	B
in	O
the	O
control	O
of	O
actin	B
dynamics	O
.	O

The	O
exogeneous	O
cofilin	B
,	O
but	O
not	O
ADF	B
,	O
caused	O
quick	O
disassembly	O
of	O
actin	B
filaments	O
and	O
accumulated	O
in	O
furrow	O
region	O
of	O
dividing	O
cells	O
.	O

alpha-	B
and	O
beta	B
-	I
catenin	I
were	O
present	O
in	O
most	O
ovarian	O
cells	O
at	O
all	O
stages	O
of	O
folliculogenesis	O
.	O

The	O
expression	O
of	O
APC	B
,	O
alpha	B
-	I
catenin	I
and	O
beta	B
-	I
catenin	I
also	O
was	O
decreased	O
in	O
HT29	O
cells	O
,	O
with	O
a	O
translocation	O
of	O
APC	B
into	O
the	O
nucleus	O
.	O

The	O
findings	O
suggest	O
that	O
M1	B
muscarinic	O
receptors	O
are	O
involved	O
in	O
muscarinic	B
receptor	I
-	I
mediated	I
enhancement	O
of	O
IL-2	B
production	O
in	O
Jurkat	O
cells	O
and	O
that	O
the	O
transcription	O
factor	B
AP-1	I
and	O
pathways	O
via	O
mitogen	B
-	I
activated	I
protein	I
kinase	I
(	B
MAPK	I
)	I
/	I
extracellular	I
signal	B
regulated	I
protein	I
kinase	I
and	O
c	B
-	I
Jun	I
N	I
-	I
terminal	I
kinase	I
,	O
but	O
not	O
via	O
p38	B
MAPK	O
,	O
may	O
be	O
involved	O
in	O
the	O
muscarinic	B
receptor	I
-	I
mediated	I
enhancement	O
of	O
IL-2	B
production	O
.	O

The	O
gel	O
point	O
assay	O
using	O
an	O
actin	B
cross	O
-	O
linking	O
protein	O
and	O
the	O
nucleation	O
assay	O
also	O
suggested	O
that	O
cofilin	B
shortens	O
the	O
actin	B
filaments	O
and	O
hence	O
increases	O
the	O
filament	O
number	O
.	O

The	O
gene	O
RVS167	B
therefore	O
could	O
be	O
implicated	O
in	O
cytoskeletal	O
reorganization	O
in	O
response	O
to	O
environmental	O
stresses	O
and	O
could	O
act	O
in	O
the	O
budding	O
site	O
selection	O
mechanism	O
.	O

The	O
gene	O
for	O
the	O
human	O
CREB	B
binding	I
protein	I
,	O
the	O
transcriptional	O
coactivator	O
CBP	B
,	O
is	O
included	O
in	O
the	O
RT1	O
cosmid	O
,	O
and	O
mutations	O
in	O
CBP	B
have	O
recently	O
been	O
identified	O
in	O
nondeleted	O
RTS	O
patients	O
.	O

The	O
genes	O
considered	O
are	O
those	O
for	O
5S	B
,	O
5.8S	B
and	O
18S	B
rRNA	I
,	O
actin	B
I	I
,	O
profilins	B
Ia	B
/	I
b	I
and	O
II	B
,	O
myosins	B
IB	B
,	O
IC	B
and	O
II	B
,	O
and	O
calmodulin	B
.	O

The	O
head	O
domain	O
of	O
talin	B
thus	O
binds	O
to	O
integrins	B
to	O
form	O
a	O
link	O
to	O
the	O
actin	B
cytoskeleton	O
and	O
can	O
thus	O
regulate	O
integrin	B
function	O
.	O

